Transaction Hash,Status,Method,Blockno,DateTime (UTC-7),From,From_Nametag,To,To_Nametag,Amount,Value (USD),Txn Fee
"0x4fb25ea7344fb2b0cbcfd53ecc4b35fca35528ac9815c14337b08d7a61dd4e77","Success","Transfer","25485618","2026-07-07 22:00:23","0xe10767c445d3d3633d4884f45e7c73cffc0b4b67","","0x79a96acb7a52a94257b6c07170cb72bd04621868","vthayer.base.eth","0.0003 ETH","$0.57","0.00004333"
"0x7c33c020d87f826d39e5e06639f32a0b4bfa3e217d41a28a0ee0b1c1154d57ad","Success","Transfer","25485606","2026-07-07 21:57:59","0xe10767c445d3d3633d4884f45e7c73cffc0b4b67","","0x79a96acb7a52a94257b6c07170cb72bd04621868","vthayer.base.eth","1.906 ETH","$3,650.18","0.00004335"
"0xea2cc3ddda11929035b8cd33f76d7c383d60b1bd280a7ef0658ee17e0b53a805","Success","Transfer","25352989","2026-06-19 10:01:59","0x4ffac8b63293599172a5a8c89916916352385620","","0x79a96acb7a52a94257b6c07170cb72bd04621868","vthayer.base.eth","0.01707 ETH","$32.69","0.00000648"
"0x4c68dc830daa585f7d817490716da523c7c5fe9fa25481efee359d9466376969","Success","Transfer","24959988","2026-04-25 15:24:35","0xf69fec6d858c77e969509843852178bd24cad2b6","https:&amp;amp;amp;#x2F;&amp;amp;amp;#x2F;b","0x79a96acb7a52a94257b6c07170cb72bd04621868","vthayer.base.eth","0.054282405 ETH","$103.96","0.0000467"
"0xf51ae75fa2a2cf9fad2fa5b74b6972c3d0d3d6110db458f25c8c9639d1dc5b2f","Success","Transfer","24824149","2026-04-06 17:14:23","0xade45df2f96da794dfe4c319979424a78539d068","","0x79a96acb7a52a94257b6c07170cb72bd04621868","vthayer.base.eth","0.41965 ETH","$803.67","0.00004293"
"0x153d31c6eb82b88ef7c55920085970227a7ce6b0da1194564f3817da2964962b","Success","Transfer","24824082","2026-04-06 17:00:59","0x5579ed37530391a0aae709a3915cfd21c7e03232","","0x79a96acb7a52a94257b6c07170cb72bd04621868","vthayer.base.eth","0.027 ETH","$51.71","0.00004277"
"0x7954afaeca7b24e8d6294ab156a8cb84a59d2ed776f88842f029170827a096ac","Success","Transfer","24773275","2026-03-30 15:02:47","0x7552990ae97ba0fd3fb23182faac41204dc3697a","","0x79a96acb7a52a94257b6c07170cb72bd04621868","vthayer.base.eth","0.000000001 ETH","$0.00","0.00000259"
"0xb6bdad805a348a19350967eee8dcbb906f37ad851327e0b4d21564aca28623e6","Success","Transfer","24773258","2026-03-30 14:59:23","0x75580fd5e74ca80b248e15de8c84d33a0557697a","","0x79a96acb7a52a94257b6c07170cb72bd04621868","vthayer.base.eth","0.000000001 ETH","$0.00","0.00000301"
"0x2d4d3a3135ea9451684f17017c989670854acea7721d3b4d1cd47fa9789d48b4","Success","Transfer","24773256","2026-03-30 14:58:59","0x79a96acb7a52a94257b6c07170cb72bd04621868","vthayer.base.eth","0x7552f8b8da3e07c50a7466f2db618ae1e909697a","vthayer.base.eth","15 ETH","$28,726.50","0.00004415"
"0x4cb64f9df077c92e025495f3fcbceaf30ee7863262200684223a131dc89786a3","Success","Transfer*","24766324","2026-03-29 15:46:11","0xf70da97812cb96acdf810712aa562db8dfa3dbef","vthayer.eth.io","0x79a96acb7a52a94257b6c07170cb72bd04621868","vthayer.base.eth","4.998973131 ETH","$9,573.53","0.00000914"
"0x8ebd3f147377b745ba6e34828e0b88d87027021a97759b5bca57924eb4710a4d","Success","Transfer","24072177","2025-12-22 18:57:47","0x7552990ae97ba0fd3fb23182faac41204dc3697a","","0x79a96acb7a52a94257b6c07170cb72bd04621868","vthayer.base.eth","0.000000001 ETH","$0.00","0.00000063"
"0x669930e517edd8a9c438e3639b849dbda740a6c5d0ad43d0a33581a7c84c6312","Success","Transfer","24072162","2025-12-22 18:54:47","0x75527a3e14cd29c14169c591920ca391fce8697a","","0x79a96acb7a52a94257b6c07170cb72bd04621868","vthayer.base.eth","0.0000001 ETH","$0.00","0.00000056"
"0x437b8b0a87a4f3bcd70cbf3e51c27801b02e7886f2d2afc9343e9675db148920","Success","Transfer","24072039","2025-12-22 18:30:11","0x7552990ae97ba0fd3fb23182faac41204dc3697a","","0x79a96acb7a52a94257b6c07170cb72bd04621868","vthayer.base.eth","0.000000001 ETH","$0.00","0.00000057"
"0x521065d2f15a2123324993e4aebf848f92b7de116c76a1bf45de7001642e3a5d","Success","Transfer","24072023","2025-12-22 18:26:59","0x79a96acb7a52a94257b6c07170cb72bd04621868","vthayer.base.eth","0x7552f8b8da3e07c50a7466f2db618ae1e909697a","vthayer.base.eth","11.996943943 ETH","$22,975.35","0.00004259"
"0x18973c93692a681b48ee78a8521dd9a42fc8435cceba10169f5d3244737ebf54","Success","Transfer*","24072018","2025-12-22 18:25:59","0xf70da97812cb96acdf810712aa562db8dfa3dbef","vthayer.eth.io","0x79a96acb7a52a94257b6c07170cb72bd04621868","vthayer.base.eth","11.996986263 ETH","$22,975.43","0.00000073"
"0x4e3f98ca2d93dc3aacd2582e4c85595ce9c160c6a7de6bfe8d56f304fc2739b2","Success","Transfer","24071762","2025-12-22 17:34:47","0x7552990ae97ba0fd3fb23182faac41204dc3697a","","0x79a96acb7a52a94257b6c07170cb72bd04621868","vthayer.base.eth","0.000000001 ETH","$0.00","0.00000061"
"0x22f9a25eb96d3eacbbc974d80dcf33290b4308d6f02338c2f1637b6734bc6c2b","Success","Transfer","24071747","2025-12-22 17:31:47","0x75527a3e14cd29c14169c591920ca391fce8697a","","0x79a96acb7a52a94257b6c07170cb72bd04621868","vthayer.base.eth","0.0000001 ETH","$0.00","0.00000056"
"0xddb92bd772659886fb3462055de21e426557f569f9c8005fc8c47dee55d799f9","Success","Transfer","24071714","2025-12-22 17:25:11","0x7552990ae97ba0fd3fb23182faac41204dc3697a","","0x79a96acb7a52a94257b6c07170cb72bd04621868","vthayer.base.eth","0.000000001 ETH","$0.00","0.00000059"
"0x1582beb8e1814a4330eb08006421e5760582573c3c0812ea1edbb61498a1ab0f","Success","Transfer","24071699","2025-12-22 17:22:11","0x75526a3db613033640547298617f1f0f7fed697a","","0x79a96acb7a52a94257b6c07170cb72bd04621868","vthayer.base.eth","0.00000001 ETH","$0.00","0.00000055"
"0xcc6e51030ad9dd0050fe38b14b5807a918f52744f2febb7543be4d9c384f8094","Success","Transfer","24071669","2025-12-22 17:15:47","0x7552990ae97ba0fd3fb23182faac41204dc3697a","","0x79a96acb7a52a94257b6c07170cb72bd04621868","vthayer.base.eth","0 ETH","$0.00","0.0000005"
"0x6b405739236d2b9fdb1323421dbd7f740238b6763965c7992c6f50956e9960d0","Success","Transfer","24071658","2025-12-22 17:13:35","0x7552990ae97ba0fd3fb23182faac41204dc3697a","","0x79a96acb7a52a94257b6c07170cb72bd04621868","vthayer.base.eth","0 ETH","$0.00","0.0000006"
"0xb0aabbd7ef5023aed48049500c200a2b1ba91e2e6053f9e754d7b9a8b8cc09ae","Success","Transfer","24071646","2025-12-22 17:11:11","0x75559aea036ec906a8f5583876e1108f69f9697a","","0x79a96acb7a52a94257b6c07170cb72bd04621868","vthayer.base.eth","0 ETH","$0.00","0.00000052"
"0x54d4950166e4de9ff007b245b08d0cfb59b7ab254b5c08e78bcb506f16444cd4","Success","Transfer","24071628","2025-12-22 17:07:11","0x7552990ae97ba0fd3fb23182faac41204dc3697a","","0x79a96acb7a52a94257b6c07170cb72bd04621868","vthayer.base.eth","0.000000001 ETH","$0.00","0.00000059"
"0x9f6a08685593a6354190ae3497bed286921aab66721ebeb2b2a9667018679c53","Success","Transfer","24071628","2025-12-22 17:07:11","0x7551bdb6fd9f53f0d4f5d0e4492e9c1cd9c4697a","","0x79a96acb7a52a94257b6c07170cb72bd04621868","vthayer.base.eth","0 ETH","$0.00","0.00000074"
"0x859b3ca9662528f17bcde6c1abb7a39c37f29642e42a601f6dd6e9d11da5825e","Success","Transfer","24071619","2025-12-22 17:05:23","0x7552990ae97ba0fd3fb23182faac41204dc3697a","","0x79a96acb7a52a94257b6c07170cb72bd04621868","vthayer.base.eth","0.000000001 ETH","$0.00","0.00000057"
"0x6f78ec22c51cc1135d5f5dfa85c34ac59bb2436315c242a9afe093ac5b855a26","Success","Transfer","24071610","2025-12-22 17:03:35","0x79a96acb7a52a94257b6c07170cb72bd04621868","vthayer.base.eth","0x7552f8b8da3e07c50a7466f2db618ae1e909697a","vthayer.base.eth","18.994872925 ETH","$36,377.08","0.00004254"
"0x1c1873945590fa8c950b8a5d73456f7bcd5c68c574a5d74f660ab838643662a0","Success","Transfer","24071605","2025-12-22 17:02:35","0x79a96acb7a52a94257b6c07170cb72bd04621868","vthayer.base.eth","0x7552f8b8da3e07c50a7466f2db618ae1e909697a","vthayer.base.eth","1 ETH","$1,915.10","0.00004263"
"0x9ba9928b3e0270a6feb0fc9d7946284c411464aa0fcfd659c69cf01ce27c46aa","Success","Transfer*","24071599","2025-12-22 17:01:23","0xf70da97812cb96acdf810712aa562db8dfa3dbef","vthayer.eth.io","0x79a96acb7a52a94257b6c07170cb72bd04621868","vthayer.base.eth","18.995237879 ETH","$36,377.78","0.00000482"
"0x521029f7dbc5295d83803210681c68133ea8d25a0959b9a70f2d56e10bb2c317","Success","Transfer*","24071591","2025-12-22 16:59:47","0x370a7e2d300c14d79d4a7ee07aaca46c4b3012cf","","0x79a96acb7a52a94257b6c07170cb72bd04621868","vthayer.base.eth","0.99974087 ETH","$1,914.60","0.00000407"
"0x2008606441f25121e71640976a36ce399e93d39126ce274e1a43e6fcc979979b","Success","Transfer","23688153","2025-10-29 22:35:59","0x7552990ae97ba0fd3fb23182faac41204dc3697a","","0x79a96acb7a52a94257b6c07170cb72bd04621868","vthayer.base.eth","0.000000001 ETH","$0.00","0.0000032"
"0x5bc5e98c098687ecbb17300d943c1615226e048bc68c57aa29809a2953032dc5","Success","Transfer","23688143","2025-10-29 22:33:59","0x7552990ae97ba0fd3fb23182faac41204dc3697a","","0x79a96acb7a52a94257b6c07170cb72bd04621868","vthayer.base.eth","0.000000001 ETH","$0.00","0.00000326"
"0x9824d6913aaa62f41315650256c13a3f88fa4a01c2a1bf16fafcb25319484782","Success","Transfer","23688126","2025-10-29 22:30:35","0x7554b48950081bee01a03d1dcad80637f999697a","","0x79a96acb7a52a94257b6c07170cb72bd04621868","vthayer.base.eth","36 wei","$0.00","0.00000299"
"0x184e3bf5e13e13b0c6dc30fc66f50de49dcb42f7156a323ebc1910fd994229a2","Success","Transfer","23687607","2025-10-29 20:45:23","0x7552990ae97ba0fd3fb23182faac41204dc3697a","","0x79a96acb7a52a94257b6c07170cb72bd04621868","vthayer.base.eth","0.000000001 ETH","$0.00","0.00000228"
"0x6da2ebf1411eeed7cac2bab2f386c72a949a983f7283a0e808f3907f8dd15066","Success","Transfer","23687503","2025-10-29 20:24:35","0x755353bba3100c06656b6d21fcaa8d937c09697a","","0x79a96acb7a52a94257b6c07170cb72bd04621868","vthayer.base.eth","0 ETH","$0.00","0.00000269"
"0x3901ace846e74ed6bbc28d3b0f93cf4d256f902c328c12bd3e0a2dd51c872548","Success","Transfer","23687446","2025-10-29 20:13:11","0x7552990ae97ba0fd3fb23182faac41204dc3697a","","0x79a96acb7a52a94257b6c07170cb72bd04621868","vthayer.base.eth","0.000000001 ETH","$0.00","0.00000226"
"0xff7a8ea150d8c6e98a6b2716847bac34e913ec0e89818c72d5102c3717e78806","Success","Transfer","23687428","2025-10-29 20:09:35","0x75527a3e14cd29c14169c591920ca391fce8697a","","0x79a96acb7a52a94257b6c07170cb72bd04621868","vthayer.base.eth","0.0000001 ETH","$0.00","0.00000212"
"0xb9f7a2dcb9c698e533b84fa2f0d7403fe4789e4fe7c05603381d53e9bd69443d","Success","Transfer","23687367","2025-10-29 19:57:11","0x7554b48950081bee01a03d1dcad80637f999697a","","0x79a96acb7a52a94257b6c07170cb72bd04621868","vthayer.base.eth","36 wei","$0.00","0.00000211"
"0x9555b00d817f71596ceb1df8a02274931af19a3afae5e15360059349533b1def","Success","Transfer","23687286","2025-10-29 19:40:59","0x79a96acb7a52a94257b6c07170cb72bd04621868","vthayer.base.eth","0x7552f8b8da3e07c50a7466f2db618ae1e909697a","vthayer.base.eth","36.03043625 ETH","$69,001.89","0.00004402"
"0x6d4fb0ddc3d5c886e8fad4b99e7e9645825778570c63c0b5ef8b9294104d80be","Success","Transfer","23687282","2025-10-29 19:40:11","0x79a96acb7a52a94257b6c07170cb72bd04621868","vthayer.base.eth","0x7552f8b8da3e07c50a7466f2db618ae1e909697a","vthayer.base.eth","1 ETH","$1,915.10","0.00004393"
"0xec5772839a44d7846ae0441918535c6b164e9db28231cd4225ef28ff92e63952","Success","Transfer*","23687265","2025-10-29 19:36:35","0xf70da97812cb96acdf810712aa562db8dfa3dbef","vthayer.eth.io","0x79a96acb7a52a94257b6c07170cb72bd04621868","vthayer.base.eth","26.993238384 ETH","$51,694.75","0.00001474"
"0x57323af5910f32105a32d5752726edbcd06d5f2c8af106d27cfc3d1f8ee113d1","Success","Transfer*","23687260","2025-10-29 19:35:35","0xf70da97812cb96acdf810712aa562db8dfa3dbef","vthayer.eth.io","0x79a96acb7a52a94257b6c07170cb72bd04621868","vthayer.base.eth","9.99748876 ETH","$19,146.19","0.00001545"
"0xf104502073534a6a57a9020c5c975bdddd804119b9e2343c9d30d1840fb37ba8","Success","Transfer","23348831","2025-09-12 11:39:23","0xbb24d152a26e2d3ed0a3811d14af197736635c62","","0x79a96acb7a52a94257b6c07170cb72bd04621868","vthayer.base.eth","0.027329078 ETH","$52.34","0.00003818"
"0x2746abf89af5375cbb05a8533118d08db386c6edf3aa93ff1c8aaecb4d848400","Success","Transfer","23249633","2025-08-29 15:01:11","0x7552990ae97ba0fd3fb23182faac41204dc3697a","","0x79a96acb7a52a94257b6c07170cb72bd04621868","vthayer.base.eth","0.000001 ETH","$0.00","0.00000669"
"0x924eb72d0b0c79ed7574c5eddbce9f990f6af6a141502b0ea56ba136d3ac89b7","Success","Transfer","23249623","2025-08-29 14:59:11","0x75527a3e14cd29c14169c591920ca391fce8697a","","0x79a96acb7a52a94257b6c07170cb72bd04621868","vthayer.base.eth","0.000000001 ETH","$0.00","0.00000636"
"0xe346039f2b009acd013a2e11b3de01027ffc8428f3a1e5dc00664cdef9ec8db0","Success","Transfer","23249180","2025-08-29 13:29:59","0x7552990ae97ba0fd3fb23182faac41204dc3697a","","0x79a96acb7a52a94257b6c07170cb72bd04621868","vthayer.base.eth","0.000001 ETH","$0.00","0.00000715"
"0x0bf120fa6d6f89c022c91620eedc657678b6198b04d5bac5155ce6bd9218cea1","Success","Transfer","23249171","2025-08-29 13:28:11","0x7552258292e104a3bdbe26dcaaa63fcfd65c697a","","0x79a96acb7a52a94257b6c07170cb72bd04621868","vthayer.base.eth","0.000001 ETH","$0.00","0.00000632"
"0x68fcfa9d3d6a075a8a50595db2d7949c89d8a8b822981f522c16abe0928bdadd","Success","Transfer","23249147","2025-08-29 13:23:23","0x7552990ae97ba0fd3fb23182faac41204dc3697a","","0x79a96acb7a52a94257b6c07170cb72bd04621868","vthayer.base.eth","0.000000001 ETH","$0.00","0.00000964"
"0xd65b68ad3ea2dfe65f887f1254ee0cb10b2977c54e30da916a0108106d8d3e3e","Success","Transfer","23249135","2025-08-29 13:20:47","0x79a96acb7a52a94257b6c07170cb72bd04621868","vthayer.base.eth","0x7552f8b8da3e07c50a7466f2db618ae1e909697a","vthayer.base.eth","50 ETH","$95,755.00","0.00002807"
"0x70e995f233cdf6b74b0e647064772bea8f9166f96aa69a296f9c3ec357d320db","Success","Transfer","23249128","2025-08-29 13:19:23","0x79a96acb7a52a94257b6c07170cb72bd04621868","vthayer.base.eth","0x7552f8b8da3e07c50a7466f2db618ae1e909697a","vthayer.base.eth","1 ETH","$1,915.10","0.00002819"
"0xa6420949f3fb508fa27772ef6263148dd5f9e724777bce7d907e68a647774eca","Success","Transfer*","23249108","2025-08-29 13:15:23","0xf70da97812cb96acdf810712aa562db8dfa3dbef","vthayer.eth.io","0x79a96acb7a52a94257b6c07170cb72bd04621868","vthayer.base.eth","46.008894415 ETH","$88,111.63","0.00001497"